,canton_index,canton,gravite_index,gravite,lieu_index,lieu,1992,1993,1994,1995,1996,1997,1998,1999,2000,2001,2002,2003,2004,2005,2006,2007,2008,2009,2010,2011,2012,2013,2014,2015,2016,2017
0,1.0,Zürich,315.0,Accidents avec blessés légers,10.0,En localité,1323.0,1514.0,1752.0,1629.0,1600.0,1800.0,1851.0,1960.0,2080.0,2072.0,2089.0,2232.0,2108.0,1942.0,2059.0,2133.0,2035.0,2020.0,1915.0,1874.0,1789.0,1696.0,1877.0,2039.0,2247.0,2161.0
1,1.0,Zürich,315.0,Accidents avec blessés légers,11.0,Hors localité,388.0,341.0,366.0,360.0,321.0,353.0,364.0,409.0,418.0,409.0,384.0,430.0,403.0,398.0,399.0,402.0,354.0,395.0,358.0,315.0,321.0,314.0,340.0,353.0,352.0,419.0
2,1.0,Zürich,315.0,Accidents avec blessés légers,12.0,Sur autoroute,114.0,109.0,129.0,143.0,122.0,146.0,165.0,187.0,189.0,211.0,211.0,239.0,246.0,182.0,177.0,178.0,153.0,218.0,220.0,203.0,216.0,207.0,232.0,210.0,251.0,208.0
3,1.0,Zürich,316.0,Accidents avec blessés graves,10.0,En localité,933.0,674.0,603.0,639.0,656.0,581.0,499.0,494.0,454.0,480.0,410.0,436.0,420.0,393.0,376.0,360.0,368.0,399.0,346.0,422.0,426.0,441.0,409.0,427.0,403.0,424.0
4,1.0,Zürich,316.0,Accidents avec blessés graves,11.0,Hors localité,200.0,180.0,159.0,173.0,121.0,117.0,120.0,141.0,97.0,125.0,128.0,140.0,151.0,132.0,117.0,129.0,113.0,113.0,106.0,106.0,116.0,103.0,129.0,120.0,101.0,93.0
5,1.0,Zürich,316.0,Accidents avec blessés graves,12.0,Sur autoroute,54.0,48.0,42.0,65.0,30.0,40.0,36.0,40.0,39.0,36.0,32.0,52.0,56.0,61.0,43.0,49.0,46.0,45.0,52.0,57.0,35.0,41.0,29.0,30.0,34.0,25.0
6,1.0,Zürich,317.0,Accidents mortels,10.0,En localité,46.0,42.0,48.0,34.0,35.0,31.0,26.0,26.0,48.0,31.0,33.0,18.0,31.0,16.0,26.0,22.0,20.0,19.0,23.0,22.0,19.0,18.0,10.0,11.0,15.0,12.0
7,1.0,Zürich,317.0,Accidents mortels,11.0,Hors localité,35.0,43.0,31.0,33.0,31.0,27.0,31.0,20.0,39.0,25.0,26.0,32.0,22.0,24.0,17.0,11.0,21.0,13.0,14.0,11.0,13.0,13.0,16.0,11.0,7.0,6.0
8,1.0,Zürich,317.0,Accidents mortels,12.0,Sur autoroute,9.0,9.0,5.0,5.0,6.0,7.0,5.0,6.0,3.0,11.0,8.0,4.0,4.0,4.0,4.0,3.0,5.0,3.0,0.0,2.0,5.0,2.0,2.0,1.0,0.0,4.0
9,2.0,Bern / Berne,315.0,Accidents avec blessés légers,10.0,En localité,1480.0,1423.0,1498.0,1399.0,1410.0,1517.0,1398.0,1447.0,1482.0,1473.0,1649.0,1634.0,1636.0,1511.0,1503.0,1537.0,1494.0,1355.0,1375.0,1402.0,1415.0,1337.0,1305.0,1370.0,1245.0,1341.0
10,2.0,Bern / Berne,315.0,Accidents avec blessés légers,11.0,Hors localité,461.0,474.0,491.0,492.0,435.0,431.0,452.0,506.0,464.0,534.0,537.0,556.0,496.0,458.0,485.0,433.0,416.0,380.0,436.0,442.0,484.0,419.0,431.0,416.0,391.0,451.0
11,2.0,Bern / Berne,315.0,Accidents avec blessés légers,12.0,Sur autoroute,172.0,144.0,178.0,188.0,183.0,194.0,197.0,239.0,236.0,260.0,223.0,243.0,237.0,240.0,231.0,244.0,215.0,199.0,229.0,195.0,189.0,193.0,208.0,207.0,235.0,217.0
12,2.0,Bern / Berne,316.0,Accidents avec blessés graves,10.0,En localité,633.0,656.0,594.0,657.0,605.0,553.0,623.0,531.0,486.0,523.0,498.0,495.0,466.0,446.0,393.0,410.0,354.0,342.0,288.0,303.0,298.0,291.0,344.0,321.0,359.0,351.0
13,2.0,Bern / Berne,316.0,Accidents avec blessés graves,11.0,Hors localité,335.0,332.0,350.0,308.0,256.0,270.0,233.0,268.0,284.0,252.0,251.0,288.0,253.0,255.0,217.0,200.0,180.0,185.0,175.0,204.0,155.0,180.0,172.0,175.0,188.0,195.0
14,2.0,Bern / Berne,316.0,Accidents avec blessés graves,12.0,Sur autoroute,63.0,68.0,44.0,54.0,50.0,37.0,47.0,48.0,36.0,55.0,27.0,39.0,37.0,30.0,24.0,25.0,31.0,23.0,22.0,23.0,18.0,16.0,26.0,27.0,17.0,24.0
15,2.0,Bern / Berne,317.0,Accidents mortels,10.0,En localité,37.0,37.0,39.0,32.0,36.0,23.0,34.0,27.0,30.0,25.0,20.0,23.0,27.0,21.0,11.0,24.0,17.0,19.0,8.0,27.0,18.0,11.0,10.0,18.0,10.0,18.0
16,2.0,Bern / Berne,317.0,Accidents mortels,11.0,Hors localité,51.0,41.0,37.0,37.0,36.0,26.0,30.0,36.0,34.0,30.0,36.0,39.0,37.0,24.0,33.0,18.0,22.0,29.0,26.0,31.0,18.0,14.0,13.0,15.0,19.0,19.0
17,2.0,Bern / Berne,317.0,Accidents mortels,12.0,Sur autoroute,5.0,1.0,3.0,9.0,8.0,7.0,4.0,5.0,1.0,3.0,4.0,2.0,3.0,3.0,1.0,4.0,3.0,2.0,2.0,3.0,1.0,1.0,0.0,2.0,1.0,0.0
18,3.0,Luzern,315.0,Accidents avec blessés légers,10.0,En localité,519.0,543.0,500.0,512.0,496.0,611.0,554.0,654.0,662.0,718.0,687.0,725.0,659.0,691.0,645.0,675.0,621.0,646.0,586.0,617.0,545.0,493.0,547.0,567.0,495.0,536.0
19,3.0,Luzern,315.0,Accidents avec blessés légers,11.0,Hors localité,142.0,132.0,138.0,142.0,150.0,154.0,144.0,143.0,154.0,176.0,170.0,187.0,164.0,187.0,174.0,164.0,165.0,159.0,190.0,163.0,158.0,169.0,172.0,177.0,145.0,177.0
20,3.0,Luzern,315.0,Accidents avec blessés légers,12.0,Sur autoroute,59.0,71.0,76.0,57.0,75.0,77.0,83.0,90.0,83.0,106.0,91.0,103.0,72.0,99.0,74.0,57.0,54.0,83.0,81.0,93.0,120.0,99.0,95.0,106.0,93.0,90.0
21,3.0,Luzern,316.0,Accidents avec blessés graves,10.0,En localité,218.0,162.0,172.0,210.0,178.0,171.0,164.0,137.0,145.0,172.0,193.0,159.0,178.0,148.0,118.0,135.0,181.0,164.0,147.0,147.0,125.0,136.0,133.0,96.0,74.0,108.0
22,3.0,Luzern,316.0,Accidents avec blessés graves,11.0,Hors localité,109.0,101.0,122.0,107.0,93.0,84.0,89.0,95.0,99.0,99.0,73.0,88.0,87.0,68.0,79.0,51.0,86.0,71.0,64.0,66.0,58.0,58.0,46.0,47.0,36.0,50.0
23,3.0,Luzern,316.0,Accidents avec blessés graves,12.0,Sur autoroute,30.0,22.0,24.0,20.0,14.0,22.0,23.0,21.0,22.0,23.0,11.0,17.0,15.0,5.0,10.0,8.0,14.0,10.0,10.0,9.0,14.0,5.0,7.0,7.0,3.0,6.0
24,3.0,Luzern,317.0,Accidents mortels,10.0,En localité,13.0,9.0,10.0,10.0,9.0,17.0,12.0,13.0,9.0,6.0,2.0,8.0,3.0,8.0,6.0,2.0,5.0,8.0,10.0,8.0,6.0,5.0,1.0,7.0,2.0,6.0
25,3.0,Luzern,317.0,Accidents mortels,11.0,Hors localité,13.0,16.0,14.0,17.0,16.0,6.0,12.0,8.0,12.0,10.0,11.0,10.0,6.0,4.0,11.0,12.0,8.0,13.0,5.0,3.0,4.0,1.0,9.0,5.0,5.0,5.0
26,3.0,Luzern,317.0,Accidents mortels,12.0,Sur autoroute,2.0,2.0,1.0,4.0,3.0,0.0,3.0,4.0,1.0,2.0,2.0,2.0,0.0,0.0,1.0,1.0,1.0,1.0,2.0,1.0,1.0,1.0,0.0,1.0,2.0,1.0
27,4.0,Uri,315.0,Accidents avec blessés légers,10.0,En localité,35.0,31.0,44.0,32.0,31.0,38.0,30.0,34.0,42.0,35.0,37.0,40.0,33.0,32.0,29.0,23.0,30.0,30.0,30.0,26.0,27.0,34.0,26.0,44.0,28.0,33.0
28,4.0,Uri,315.0,Accidents avec blessés légers,11.0,Hors localité,37.0,45.0,59.0,58.0,66.0,60.0,64.0,61.0,64.0,50.0,47.0,51.0,43.0,38.0,44.0,54.0,40.0,60.0,36.0,32.0,26.0,46.0,36.0,41.0,42.0,48.0
29,4.0,Uri,315.0,Accidents avec blessés légers,12.0,Sur autoroute,24.0,18.0,24.0,39.0,33.0,24.0,27.0,28.0,16.0,27.0,17.0,14.0,11.0,19.0,8.0,11.0,11.0,16.0,12.0,12.0,15.0,17.0,8.0,10.0,12.0,9.0
30,4.0,Uri,316.0,Accidents avec blessés graves,10.0,En localité,11.0,6.0,7.0,13.0,4.0,10.0,9.0,6.0,8.0,14.0,8.0,11.0,2.0,9.0,2.0,7.0,7.0,9.0,4.0,3.0,8.0,3.0,4.0,1.0,4.0,2.0
31,4.0,Uri,316.0,Accidents avec blessés graves,11.0,Hors localité,18.0,28.0,20.0,22.0,19.0,22.0,19.0,15.0,26.0,23.0,21.0,32.0,17.0,16.0,14.0,27.0,19.0,31.0,22.0,28.0,19.0,15.0,18.0,18.0,13.0,12.0
32,4.0,Uri,316.0,Accidents avec blessés graves,12.0,Sur autoroute,4.0,7.0,5.0,9.0,5.0,2.0,5.0,5.0,1.0,8.0,6.0,4.0,6.0,2.0,3.0,0.0,3.0,0.0,3.0,3.0,2.0,3.0,0.0,0.0,1.0,4.0
33,4.0,Uri,317.0,Accidents mortels,10.0,En localité,1.0,2.0,0.0,0.0,0.0,2.0,0.0,0.0,0.0,1.0,1.0,1.0,0.0,0.0,0.0,0.0,1.0,1.0,0.0,0.0,0.0,3.0,0.0,1.0,1.0,0.0
34,4.0,Uri,317.0,Accidents mortels,11.0,Hors localité,3.0,4.0,2.0,7.0,6.0,6.0,5.0,7.0,1.0,2.0,7.0,3.0,2.0,2.0,3.0,5.0,4.0,2.0,2.0,1.0,8.0,1.0,1.0,2.0,1.0,2.0
35,4.0,Uri,317.0,Accidents mortels,12.0,Sur autoroute,1.0,1.0,2.0,4.0,2.0,1.0,1.0,0.0,0.0,0.0,1.0,1.0,2.0,0.0,1.0,0.0,0.0,0.0,0.0,0.0,1.0,1.0,1.0,0.0,0.0,2.0
36,5.0,Schwyz,315.0,Accidents avec blessés légers,10.0,En localité,138.0,137.0,168.0,163.0,165.0,163.0,160.0,166.0,154.0,162.0,202.0,211.0,180.0,166.0,143.0,148.0,174.0,182.0,171.0,145.0,148.0,127.0,111.0,131.0,139.0,134.0
37,5.0,Schwyz,315.0,Accidents avec blessés légers,11.0,Hors localité,91.0,102.0,94.0,114.0,93.0,106.0,105.0,114.0,132.0,125.0,111.0,124.0,119.0,106.0,103.0,101.0,103.0,98.0,93.0,93.0,76.0,82.0,69.0,77.0,66.0,88.0
38,5.0,Schwyz,315.0,Accidents avec blessés légers,12.0,Sur autoroute,31.0,8.0,11.0,31.0,20.0,20.0,40.0,36.0,26.0,38.0,31.0,28.0,27.0,30.0,17.0,19.0,23.0,26.0,25.0,19.0,23.0,21.0,19.0,31.0,27.0,25.0
39,5.0,Schwyz,316.0,Accidents avec blessés graves,10.0,En localité,68.0,53.0,64.0,60.0,57.0,46.0,50.0,47.0,26.0,27.0,29.0,35.0,31.0,29.0,20.0,40.0,21.0,19.0,33.0,31.0,23.0,33.0,35.0,28.0,30.0,19.0
40,5.0,Schwyz,316.0,Accidents avec blessés graves,11.0,Hors localité,52.0,54.0,51.0,72.0,39.0,51.0,31.0,41.0,37.0,31.0,31.0,42.0,31.0,25.0,32.0,31.0,25.0,11.0,22.0,31.0,35.0,22.0,34.0,21.0,27.0,19.0
41,5.0,Schwyz,316.0,Accidents avec blessés graves,12.0,Sur autoroute,14.0,0.0,6.0,15.0,9.0,7.0,12.0,10.0,7.0,6.0,4.0,5.0,4.0,3.0,6.0,6.0,10.0,2.0,2.0,3.0,2.0,3.0,1.0,5.0,4.0,7.0
42,5.0,Schwyz,317.0,Accidents mortels,10.0,En localité,5.0,8.0,8.0,6.0,6.0,5.0,3.0,1.0,2.0,2.0,1.0,2.0,2.0,4.0,5.0,3.0,2.0,1.0,8.0,1.0,3.0,3.0,0.0,2.0,1.0,2.0
43,5.0,Schwyz,317.0,Accidents mortels,11.0,Hors localité,11.0,12.0,11.0,5.0,7.0,7.0,4.0,7.0,2.0,5.0,4.0,10.0,8.0,4.0,3.0,7.0,7.0,7.0,3.0,5.0,5.0,1.0,2.0,2.0,3.0,3.0
44,5.0,Schwyz,317.0,Accidents mortels,12.0,Sur autoroute,6.0,0.0,2.0,1.0,1.0,2.0,2.0,0.0,3.0,1.0,2.0,1.0,2.0,0.0,1.0,3.0,1.0,2.0,1.0,0.0,0.0,0.0,0.0,1.0,0.0,1.0
45,6.0,Obwalden,315.0,Accidents avec blessés légers,10.0,En localité,27.0,40.0,35.0,25.0,31.0,37.0,41.0,21.0,29.0,50.0,28.0,43.0,34.0,29.0,41.0,30.0,26.0,32.0,26.0,26.0,28.0,19.0,17.0,18.0,40.0,39.0
46,6.0,Obwalden,315.0,Accidents avec blessés légers,11.0,Hors localité,43.0,39.0,28.0,37.0,40.0,40.0,53.0,36.0,38.0,40.0,35.0,38.0,44.0,39.0,43.0,37.0,43.0,52.0,29.0,34.0,37.0,28.0,31.0,34.0,43.0,37.0
47,6.0,Obwalden,315.0,Accidents avec blessés légers,12.0,Sur autoroute,0.0,0.0,0.0,0.0,0.0,0.0,0.0,0.0,0.0,0.0,0.0,0.0,0.0,0.0,0.0,0.0,0.0,0.0,2.0,1.0,0.0,0.0,0.0,0.0,0.0,0.0
48,6.0,Obwalden,316.0,Accidents avec blessés graves,10.0,En localité,16.0,8.0,9.0,10.0,7.0,5.0,5.0,10.0,10.0,9.0,5.0,5.0,3.0,9.0,8.0,8.0,6.0,7.0,13.0,8.0,5.0,5.0,5.0,4.0,7.0,6.0
49,6.0,Obwalden,316.0,Accidents avec blessés graves,11.0,Hors localité,23.0,17.0,22.0,19.0,12.0,8.0,14.0,12.0,9.0,10.0,14.0,17.0,13.0,11.0,8.0,19.0,13.0,17.0,12.0,12.0,9.0,4.0,8.0,9.0,9.0,11.0
50,6.0,Obwalden,316.0,Accidents avec blessés graves,12.0,Sur autoroute,0.0,0.0,0.0,0.0,0.0,0.0,0.0,0.0,0.0,0.0,0.0,0.0,0.0,0.0,0.0,0.0,0.0,0.0,0.0,0.0,0.0,0.0,0.0,0.0,0.0,0.0
51,6.0,Obwalden,317.0,Accidents mortels,10.0,En localité,0.0,1.0,1.0,0.0,1.0,0.0,2.0,1.0,1.0,0.0,0.0,1.0,0.0,0.0,0.0,1.0,0.0,1.0,0.0,0.0,0.0,0.0,1.0,0.0,0.0,1.0
52,6.0,Obwalden,317.0,Accidents mortels,11.0,Hors localité,4.0,5.0,5.0,3.0,5.0,1.0,4.0,1.0,4.0,3.0,0.0,1.0,3.0,5.0,0.0,3.0,1.0,1.0,6.0,2.0,1.0,1.0,1.0,1.0,2.0,3.0
53,6.0,Obwalden,317.0,Accidents mortels,12.0,Sur autoroute,0.0,0.0,0.0,0.0,0.0,0.0,0.0,0.0,0.0,0.0,0.0,0.0,0.0,0.0,0.0,0.0,0.0,0.0,0.0,0.0,0.0,1.0,0.0,0.0,0.0,0.0
54,7.0,Nidwalden,315.0,Accidents avec blessés légers,10.0,En localité,23.0,26.0,40.0,32.0,37.0,20.0,23.0,37.0,29.0,34.0,24.0,33.0,30.0,33.0,40.0,31.0,37.0,34.0,25.0,31.0,35.0,28.0,24.0,40.0,31.0,25.0
55,7.0,Nidwalden,315.0,Accidents avec blessés légers,11.0,Hors localité,30.0,24.0,28.0,23.0,36.0,33.0,35.0,43.0,33.0,14.0,36.0,44.0,42.0,26.0,27.0,19.0,28.0,22.0,22.0,25.0,19.0,25.0,25.0,20.0,19.0,15.0
56,7.0,Nidwalden,315.0,Accidents avec blessés légers,12.0,Sur autoroute,12.0,12.0,14.0,18.0,13.0,9.0,19.0,15.0,12.0,13.0,9.0,8.0,17.0,10.0,13.0,14.0,9.0,16.0,16.0,8.0,7.0,14.0,9.0,12.0,15.0,16.0
57,7.0,Nidwalden,316.0,Accidents avec blessés graves,10.0,En localité,13.0,3.0,14.0,13.0,9.0,6.0,10.0,8.0,13.0,8.0,16.0,16.0,13.0,8.0,4.0,11.0,10.0,8.0,10.0,9.0,8.0,5.0,11.0,19.0,11.0,8.0
58,7.0,Nidwalden,316.0,Accidents avec blessés graves,11.0,Hors localité,18.0,13.0,13.0,15.0,11.0,8.0,8.0,16.0,14.0,13.0,13.0,8.0,7.0,7.0,7.0,8.0,7.0,5.0,5.0,9.0,7.0,6.0,8.0,7.0,12.0,10.0
59,7.0,Nidwalden,316.0,Accidents avec blessés graves,12.0,Sur autoroute,3.0,3.0,4.0,4.0,5.0,7.0,2.0,5.0,2.0,4.0,5.0,2.0,2.0,0.0,1.0,4.0,2.0,0.0,1.0,0.0,1.0,1.0,1.0,2.0,2.0,3.0
60,7.0,Nidwalden,317.0,Accidents mortels,10.0,En localité,0.0,0.0,0.0,0.0,2.0,0.0,0.0,0.0,0.0,1.0,1.0,1.0,0.0,1.0,0.0,0.0,0.0,2.0,0.0,0.0,0.0,0.0,1.0,1.0,0.0,0.0
61,7.0,Nidwalden,317.0,Accidents mortels,11.0,Hors localité,3.0,0.0,0.0,1.0,0.0,0.0,0.0,0.0,0.0,1.0,0.0,2.0,1.0,0.0,2.0,0.0,0.0,1.0,0.0,0.0,2.0,2.0,1.0,2.0,0.0,1.0
62,7.0,Nidwalden,317.0,Accidents mortels,12.0,Sur autoroute,1.0,1.0,0.0,2.0,0.0,0.0,0.0,3.0,0.0,1.0,0.0,0.0,0.0,0.0,0.0,0.0,0.0,0.0,0.0,0.0,0.0,1.0,0.0,0.0,1.0,1.0
63,8.0,Glarus,315.0,Accidents avec blessés légers,10.0,En localité,52.0,44.0,50.0,46.0,55.0,43.0,49.0,48.0,57.0,42.0,58.0,56.0,44.0,45.0,38.0,37.0,50.0,56.0,39.0,43.0,34.0,52.0,39.0,42.0,50.0,45.0
64,8.0,Glarus,315.0,Accidents avec blessés légers,11.0,Hors localité,29.0,26.0,29.0,12.0,11.0,17.0,11.0,22.0,22.0,24.0,26.0,27.0,21.0,22.0,19.0,21.0,15.0,23.0,13.0,19.0,21.0,16.0,25.0,23.0,23.0,14.0
65,8.0,Glarus,315.0,Accidents avec blessés légers,12.0,Sur autoroute,9.0,14.0,8.0,7.0,7.0,5.0,13.0,21.0,9.0,3.0,11.0,8.0,12.0,17.0,7.0,14.0,11.0,13.0,6.0,9.0,7.0,7.0,8.0,10.0,9.0,12.0
66,8.0,Glarus,316.0,Accidents avec blessés graves,10.0,En localité,7.0,8.0,12.0,6.0,7.0,8.0,4.0,3.0,7.0,6.0,5.0,5.0,8.0,14.0,14.0,15.0,15.0,11.0,11.0,9.0,9.0,7.0,11.0,18.0,13.0,13.0
67,8.0,Glarus,316.0,Accidents avec blessés graves,11.0,Hors localité,6.0,4.0,6.0,5.0,5.0,6.0,2.0,4.0,4.0,5.0,4.0,4.0,8.0,8.0,6.0,13.0,8.0,12.0,11.0,4.0,7.0,8.0,5.0,8.0,4.0,8.0
68,8.0,Glarus,316.0,Accidents avec blessés graves,12.0,Sur autoroute,3.0,0.0,0.0,1.0,1.0,2.0,3.0,1.0,0.0,3.0,2.0,2.0,3.0,3.0,2.0,1.0,2.0,0.0,2.0,1.0,1.0,1.0,1.0,0.0,0.0,3.0
69,8.0,Glarus,317.0,Accidents mortels,10.0,En localité,3.0,2.0,1.0,2.0,1.0,2.0,1.0,0.0,1.0,0.0,1.0,0.0,2.0,1.0,0.0,1.0,2.0,2.0,0.0,1.0,1.0,1.0,1.0,2.0,1.0,0.0
70,8.0,Glarus,317.0,Accidents mortels,11.0,Hors localité,1.0,0.0,3.0,0.0,1.0,3.0,1.0,2.0,1.0,2.0,3.0,1.0,2.0,3.0,1.0,1.0,1.0,2.0,0.0,0.0,1.0,1.0,0.0,2.0,0.0,0.0
71,8.0,Glarus,317.0,Accidents mortels,12.0,Sur autoroute,0.0,0.0,1.0,2.0,0.0,1.0,0.0,0.0,0.0,1.0,0.0,1.0,0.0,0.0,0.0,1.0,0.0,1.0,0.0,0.0,0.0,0.0,0.0,0.0,0.0,0.0
72,9.0,Zug,315.0,Accidents avec blessés légers,10.0,En localité,143.0,141.0,122.0,163.0,143.0,151.0,163.0,134.0,135.0,132.0,126.0,128.0,146.0,118.0,152.0,154.0,178.0,150.0,186.0,148.0,128.0,141.0,137.0,160.0,144.0,135.0
73,9.0,Zug,315.0,Accidents avec blessés légers,11.0,Hors localité,76.0,86.0,71.0,75.0,69.0,64.0,60.0,71.0,60.0,70.0,56.0,54.0,59.0,63.0,63.0,70.0,64.0,70.0,62.0,51.0,53.0,43.0,46.0,37.0,51.0,40.0
74,9.0,Zug,315.0,Accidents avec blessés légers,12.0,Sur autoroute,22.0,15.0,16.0,25.0,16.0,25.0,25.0,20.0,30.0,28.0,27.0,20.0,22.0,22.0,20.0,23.0,30.0,26.0,32.0,18.0,24.0,15.0,31.0,19.0,23.0,19.0
75,9.0,Zug,316.0,Accidents avec blessés graves,10.0,En localité,30.0,28.0,22.0,29.0,26.0,31.0,38.0,42.0,41.0,38.0,55.0,56.0,63.0,67.0,61.0,54.0,39.0,65.0,34.0,57.0,42.0,29.0,37.0,27.0,31.0,35.0
76,9.0,Zug,316.0,Accidents avec blessés graves,11.0,Hors localité,26.0,30.0,13.0,24.0,16.0,20.0,22.0,30.0,29.0,28.0,35.0,36.0,46.0,33.0,32.0,25.0,17.0,23.0,14.0,28.0,19.0,20.0,19.0,21.0,17.0,24.0
77,9.0,Zug,316.0,Accidents avec blessés graves,12.0,Sur autoroute,5.0,4.0,3.0,3.0,5.0,2.0,3.0,5.0,8.0,15.0,11.0,6.0,7.0,9.0,7.0,3.0,4.0,7.0,2.0,8.0,9.0,5.0,3.0,1.0,1.0,3.0
78,9.0,Zug,317.0,Accidents mortels,10.0,En localité,0.0,2.0,1.0,2.0,2.0,5.0,1.0,2.0,2.0,7.0,0.0,1.0,1.0,0.0,1.0,3.0,5.0,0.0,1.0,0.0,2.0,0.0,1.0,0.0,1.0,0.0
79,9.0,Zug,317.0,Accidents mortels,11.0,Hors localité,4.0,3.0,0.0,4.0,5.0,5.0,7.0,2.0,6.0,2.0,2.0,0.0,1.0,3.0,1.0,3.0,3.0,4.0,1.0,4.0,2.0,1.0,2.0,2.0,1.0,3.0
80,9.0,Zug,317.0,Accidents mortels,12.0,Sur autoroute,1.0,1.0,1.0,0.0,1.0,2.0,1.0,0.0,0.0,0.0,1.0,0.0,0.0,0.0,1.0,1.0,0.0,2.0,2.0,0.0,0.0,0.0,0.0,0.0,0.0,0.0
81,10.0,Fribourg / Freiburg,315.0,Accidents avec blessés légers,10.0,En localité,213.0,209.0,255.0,217.0,191.0,239.0,241.0,247.0,264.0,292.0,265.0,305.0,326.0,345.0,327.0,309.0,310.0,272.0,266.0,260.0,224.0,234.0,205.0,231.0,244.0,219.0
82,10.0,Fribourg / Freiburg,315.0,Accidents avec blessés légers,11.0,Hors localité,144.0,163.0,166.0,171.0,147.0,153.0,128.0,176.0,154.0,151.0,166.0,189.0,184.0,199.0,161.0,169.0,134.0,164.0,168.0,172.0,121.0,134.0,162.0,159.0,147.0,175.0
83,10.0,Fribourg / Freiburg,315.0,Accidents avec blessés légers,12.0,Sur autoroute,33.0,43.0,47.0,49.0,45.0,50.0,58.0,66.0,53.0,57.0,52.0,52.0,59.0,43.0,43.0,47.0,31.0,40.0,54.0,28.0,48.0,28.0,37.0,30.0,47.0,45.0
84,10.0,Fribourg / Freiburg,316.0,Accidents avec blessés graves,10.0,En localité,83.0,63.0,65.0,80.0,74.0,60.0,74.0,79.0,78.0,72.0,65.0,79.0,61.0,78.0,82.0,73.0,67.0,60.0,61.0,67.0,75.0,63.0,68.0,62.0,57.0,54.0
85,10.0,Fribourg / Freiburg,316.0,Accidents avec blessés graves,11.0,Hors localité,76.0,61.0,71.0,81.0,67.0,69.0,62.0,63.0,64.0,70.0,65.0,80.0,84.0,52.0,71.0,59.0,53.0,59.0,67.0,53.0,44.0,62.0,61.0,49.0,40.0,34.0
86,10.0,Fribourg / Freiburg,316.0,Accidents avec blessés graves,12.0,Sur autoroute,16.0,6.0,11.0,9.0,6.0,4.0,17.0,13.0,15.0,15.0,11.0,4.0,12.0,7.0,7.0,11.0,3.0,7.0,4.0,8.0,4.0,11.0,9.0,4.0,8.0,5.0
87,10.0,Fribourg / Freiburg,317.0,Accidents mortels,10.0,En localité,11.0,11.0,7.0,6.0,7.0,6.0,10.0,10.0,10.0,7.0,7.0,8.0,9.0,4.0,2.0,6.0,4.0,5.0,0.0,7.0,1.0,3.0,4.0,3.0,3.0,1.0
88,10.0,Fribourg / Freiburg,317.0,Accidents mortels,11.0,Hors localité,21.0,14.0,13.0,21.0,15.0,16.0,4.0,15.0,16.0,17.0,11.0,16.0,14.0,10.0,8.0,10.0,9.0,8.0,10.0,7.0,8.0,8.0,3.0,3.0,3.0,5.0
89,10.0,Fribourg / Freiburg,317.0,Accidents mortels,12.0,Sur autoroute,3.0,3.0,3.0,4.0,2.0,1.0,2.0,1.0,2.0,0.0,4.0,3.0,2.0,0.0,1.0,1.0,1.0,0.0,1.0,3.0,0.0,0.0,1.0,0.0,1.0,1.0
90,11.0,Solothurn,315.0,Accidents avec blessés légers,10.0,En localité,392.0,431.0,437.0,391.0,334.0,426.0,406.0,450.0,522.0,505.0,494.0,534.0,572.0,511.0,527.0,599.0,525.0,481.0,477.0,447.0,368.0,346.0,340.0,337.0,352.0,308.0
91,11.0,Solothurn,315.0,Accidents avec blessés légers,11.0,Hors localité,115.0,104.0,98.0,101.0,87.0,92.0,83.0,88.0,127.0,123.0,126.0,122.0,126.0,119.0,136.0,120.0,108.0,134.0,134.0,112.0,95.0,88.0,91.0,92.0,97.0,98.0
92,11.0,Solothurn,315.0,Accidents avec blessés légers,12.0,Sur autoroute,35.0,44.0,64.0,64.0,73.0,60.0,59.0,67.0,74.0,80.0,97.0,88.0,106.0,84.0,96.0,94.0,89.0,105.0,106.0,101.0,98.0,85.0,71.0,89.0,86.0,91.0
93,11.0,Solothurn,316.0,Accidents avec blessés graves,10.0,En localité,139.0,118.0,129.0,153.0,143.0,134.0,128.0,154.0,111.0,108.0,127.0,109.0,78.0,96.0,66.0,95.0,79.0,66.0,83.0,76.0,70.0,53.0,47.0,56.0,62.0,43.0
94,11.0,Solothurn,316.0,Accidents avec blessés graves,11.0,Hors localité,46.0,44.0,54.0,62.0,48.0,47.0,49.0,62.0,46.0,40.0,46.0,42.0,43.0,38.0,43.0,37.0,31.0,39.0,29.0,36.0,38.0,22.0,26.0,26.0,21.0,19.0
95,11.0,Solothurn,316.0,Accidents avec blessés graves,12.0,Sur autoroute,19.0,16.0,16.0,9.0,17.0,15.0,13.0,16.0,10.0,7.0,13.0,6.0,8.0,6.0,4.0,6.0,4.0,9.0,11.0,9.0,7.0,16.0,4.0,5.0,8.0,6.0
96,11.0,Solothurn,317.0,Accidents mortels,10.0,En localité,8.0,10.0,8.0,9.0,10.0,7.0,5.0,11.0,7.0,12.0,5.0,4.0,7.0,5.0,5.0,4.0,4.0,4.0,3.0,5.0,3.0,7.0,4.0,2.0,2.0,5.0
97,11.0,Solothurn,317.0,Accidents mortels,11.0,Hors localité,8.0,8.0,4.0,9.0,5.0,11.0,10.0,6.0,10.0,6.0,4.0,10.0,7.0,8.0,0.0,4.0,3.0,5.0,2.0,2.0,0.0,1.0,3.0,6.0,4.0,2.0
98,11.0,Solothurn,317.0,Accidents mortels,12.0,Sur autoroute,5.0,2.0,3.0,1.0,3.0,1.0,2.0,0.0,4.0,3.0,4.0,0.0,0.0,1.0,4.0,5.0,1.0,0.0,1.0,0.0,0.0,2.0,0.0,0.0,0.0,0.0
99,12.0,Basel-Stadt,315.0,Accidents avec blessés légers,10.0,En localité,515.0,561.0,630.0,664.0,587.0,622.0,553.0,535.0,472.0,433.0,418.0,421.0,412.0,455.0,439.0,399.0,376.0,343.0,264.0,216.0,146.0,218.0,247.0,249.0,277.0,250.0
100,12.0,Basel-Stadt,315.0,Accidents avec blessés légers,11.0,Hors localité,4.0,1.0,0.0,0.0,0.0,0.0,0.0,0.0,1.0,0.0,0.0,1.0,0.0,1.0,0.0,0.0,0.0,1.0,0.0,0.0,1.0,1.0,0.0,0.0,1.0,0.0
101,12.0,Basel-Stadt,315.0,Accidents avec blessés légers,12.0,Sur autoroute,11.0,17.0,21.0,14.0,24.0,26.0,19.0,22.0,15.0,29.0,18.0,21.0,17.0,13.0,14.0,15.0,19.0,22.0,24.0,12.0,27.0,26.0,39.0,45.0,36.0,30.0
102,12.0,Basel-Stadt,316.0,Accidents avec blessés graves,10.0,En localité,183.0,193.0,197.0,167.0,163.0,158.0,138.0,161.0,165.0,121.0,116.0,125.0,90.0,129.0,114.0,104.0,92.0,96.0,86.0,82.0,76.0,78.0,85.0,92.0,92.0,82.0
103,12.0,Basel-Stadt,316.0,Accidents avec blessés graves,11.0,Hors localité,1.0,0.0,0.0,0.0,0.0,0.0,0.0,0.0,0.0,0.0,0.0,0.0,0.0,0.0,0.0,0.0,0.0,0.0,0.0,0.0,0.0,0.0,1.0,0.0,0.0,1.0
104,12.0,Basel-Stadt,316.0,Accidents avec blessés graves,12.0,Sur autoroute,7.0,6.0,7.0,4.0,6.0,5.0,6.0,9.0,4.0,9.0,11.0,2.0,6.0,3.0,3.0,8.0,3.0,6.0,3.0,4.0,1.0,2.0,0.0,2.0,3.0,2.0
105,12.0,Basel-Stadt,317.0,Accidents mortels,10.0,En localité,11.0,9.0,9.0,7.0,5.0,9.0,8.0,9.0,3.0,12.0,8.0,7.0,3.0,6.0,2.0,3.0,5.0,3.0,4.0,3.0,5.0,2.0,2.0,3.0,4.0,1.0
106,12.0,Basel-Stadt,317.0,Accidents mortels,11.0,Hors localité,0.0,0.0,0.0,1.0,0.0,0.0,0.0,0.0,0.0,0.0,0.0,0.0,0.0,0.0,0.0,0.0,0.0,0.0,0.0,0.0,0.0,0.0,0.0,0.0,0.0,0.0
107,12.0,Basel-Stadt,317.0,Accidents mortels,12.0,Sur autoroute,0.0,0.0,0.0,1.0,0.0,0.0,1.0,0.0,0.0,0.0,0.0,0.0,0.0,0.0,0.0,0.0,0.0,1.0,0.0,0.0,0.0,0.0,0.0,0.0,0.0,0.0
108,13.0,Basel-Landschaft,315.0,Accidents avec blessés légers,10.0,En localité,281.0,284.0,352.0,356.0,322.0,373.0,409.0,389.0,389.0,388.0,345.0,410.0,352.0,371.0,379.0,379.0,426.0,381.0,302.0,257.0,246.0,251.0,239.0,239.0,260.0,236.0
109,13.0,Basel-Landschaft,315.0,Accidents avec blessés légers,11.0,Hors localité,65.0,68.0,88.0,108.0,103.0,97.0,101.0,98.0,107.0,93.0,98.0,105.0,91.0,93.0,84.0,82.0,100.0,102.0,92.0,71.0,67.0,56.0,55.0,68.0,74.0,83.0
110,13.0,Basel-Landschaft,315.0,Accidents avec blessés légers,12.0,Sur autoroute,60.0,64.0,75.0,83.0,70.0,98.0,103.0,127.0,137.0,106.0,103.0,101.0,107.0,87.0,118.0,108.0,91.0,121.0,111.0,86.0,66.0,65.0,72.0,78.0,93.0,76.0
111,13.0,Basel-Landschaft,316.0,Accidents avec blessés graves,10.0,En localité,106.0,79.0,95.0,112.0,75.0,83.0,87.0,56.0,78.0,72.0,75.0,58.0,71.0,63.0,82.0,75.0,71.0,97.0,74.0,80.0,60.0,59.0,72.0,60.0,53.0,49.0
112,13.0,Basel-Landschaft,316.0,Accidents avec blessés graves,11.0,Hors localité,30.0,29.0,32.0,31.0,33.0,26.0,24.0,24.0,27.0,29.0,24.0,37.0,28.0,26.0,23.0,29.0,18.0,23.0,17.0,32.0,22.0,25.0,22.0,21.0,15.0,11.0
113,13.0,Basel-Landschaft,316.0,Accidents avec blessés graves,12.0,Sur autoroute,13.0,15.0,12.0,13.0,13.0,19.0,8.0,12.0,10.0,10.0,7.0,5.0,10.0,4.0,9.0,6.0,5.0,5.0,6.0,5.0,7.0,5.0,8.0,5.0,3.0,4.0
114,13.0,Basel-Landschaft,317.0,Accidents mortels,10.0,En localité,9.0,6.0,8.0,11.0,11.0,7.0,8.0,10.0,5.0,7.0,2.0,9.0,5.0,7.0,5.0,3.0,5.0,4.0,4.0,5.0,5.0,5.0,5.0,6.0,3.0,2.0
115,13.0,Basel-Landschaft,317.0,Accidents mortels,11.0,Hors localité,7.0,4.0,9.0,9.0,7.0,6.0,9.0,8.0,9.0,3.0,4.0,3.0,3.0,3.0,0.0,2.0,4.0,2.0,4.0,8.0,7.0,2.0,2.0,0.0,4.0,1.0
116,13.0,Basel-Landschaft,317.0,Accidents mortels,12.0,Sur autoroute,3.0,3.0,3.0,1.0,2.0,1.0,2.0,3.0,0.0,1.0,3.0,3.0,0.0,0.0,1.0,1.0,0.0,1.0,1.0,0.0,2.0,1.0,0.0,1.0,1.0,2.0
117,14.0,Schaffhausen,315.0,Accidents avec blessés légers,10.0,En localité,84.0,77.0,100.0,89.0,82.0,75.0,77.0,61.0,97.0,102.0,104.0,113.0,86.0,96.0,107.0,105.0,94.0,97.0,61.0,86.0,102.0,86.0,95.0,84.0,91.0,102.0
118,14.0,Schaffhausen,315.0,Accidents avec blessés légers,11.0,Hors localité,27.0,21.0,23.0,25.0,20.0,17.0,20.0,17.0,33.0,32.0,22.0,24.0,34.0,28.0,36.0,26.0,24.0,17.0,26.0,23.0,24.0,35.0,25.0,31.0,31.0,26.0
119,14.0,Schaffhausen,315.0,Accidents avec blessés légers,12.0,Sur autoroute,0.0,0.0,0.0,0.0,0.0,0.0,0.0,0.0,0.0,0.0,0.0,0.0,0.0,0.0,0.0,0.0,0.0,0.0,0.0,0.0,0.0,0.0,0.0,0.0,0.0,0.0
120,14.0,Schaffhausen,316.0,Accidents avec blessés graves,10.0,En localité,41.0,29.0,48.0,46.0,58.0,60.0,48.0,57.0,49.0,43.0,56.0,49.0,42.0,46.0,41.0,52.0,30.0,41.0,33.0,24.0,28.0,15.0,28.0,26.0,34.0,14.0
121,14.0,Schaffhausen,316.0,Accidents avec blessés graves,11.0,Hors localité,9.0,15.0,18.0,19.0,11.0,8.0,18.0,18.0,15.0,18.0,20.0,13.0,19.0,22.0,18.0,13.0,13.0,11.0,11.0,14.0,10.0,10.0,11.0,14.0,12.0,15.0
122,14.0,Schaffhausen,316.0,Accidents avec blessés graves,12.0,Sur autoroute,0.0,0.0,0.0,0.0,0.0,0.0,0.0,0.0,0.0,0.0,0.0,0.0,0.0,0.0,0.0,0.0,0.0,0.0,0.0,0.0,0.0,0.0,0.0,0.0,0.0,0.0
123,14.0,Schaffhausen,317.0,Accidents mortels,10.0,En localité,4.0,3.0,6.0,0.0,1.0,2.0,1.0,0.0,2.0,1.0,1.0,4.0,0.0,3.0,1.0,1.0,0.0,0.0,1.0,0.0,1.0,2.0,1.0,2.0,1.0,1.0
124,14.0,Schaffhausen,317.0,Accidents mortels,11.0,Hors localité,3.0,6.0,2.0,1.0,1.0,3.0,4.0,0.0,5.0,1.0,0.0,1.0,3.0,2.0,2.0,2.0,4.0,0.0,1.0,0.0,3.0,0.0,3.0,1.0,1.0,0.0
125,14.0,Schaffhausen,317.0,Accidents mortels,12.0,Sur autoroute,0.0,0.0,0.0,0.0,0.0,0.0,0.0,0.0,0.0,0.0,0.0,0.0,0.0,0.0,0.0,0.0,0.0,0.0,0.0,0.0,0.0,0.0,0.0,0.0,0.0,0.0
126,15.0,Appenzell Ausserrhoden,315.0,Accidents avec blessés légers,10.0,En localité,55.0,54.0,74.0,48.0,59.0,50.0,63.0,69.0,61.0,60.0,71.0,66.0,75.0,58.0,60.0,68.0,56.0,57.0,44.0,56.0,48.0,37.0,49.0,40.0,37.0,47.0
127,15.0,Appenzell Ausserrhoden,315.0,Accidents avec blessés légers,11.0,Hors localité,47.0,51.0,37.0,47.0,30.0,36.0,40.0,39.0,40.0,43.0,42.0,53.0,59.0,61.0,63.0,39.0,42.0,31.0,34.0,31.0,40.0,29.0,26.0,23.0,24.0,31.0
128,15.0,Appenzell Ausserrhoden,315.0,Accidents avec blessés légers,12.0,Sur autoroute,0.0,0.0,0.0,0.0,0.0,0.0,0.0,0.0,0.0,0.0,0.0,0.0,0.0,0.0,0.0,0.0,0.0,0.0,0.0,0.0,0.0,0.0,0.0,0.0,0.0,0.0
129,15.0,Appenzell Ausserrhoden,316.0,Accidents avec blessés graves,10.0,En localité,11.0,14.0,9.0,10.0,8.0,15.0,3.0,5.0,5.0,9.0,8.0,5.0,4.0,9.0,2.0,13.0,7.0,13.0,26.0,21.0,6.0,8.0,6.0,6.0,11.0,6.0
130,15.0,Appenzell Ausserrhoden,316.0,Accidents avec blessés graves,11.0,Hors localité,13.0,12.0,13.0,18.0,14.0,4.0,16.0,10.0,6.0,16.0,4.0,9.0,14.0,9.0,12.0,9.0,18.0,16.0,17.0,16.0,9.0,10.0,7.0,8.0,14.0,10.0
131,15.0,Appenzell Ausserrhoden,316.0,Accidents avec blessés graves,12.0,Sur autoroute,0.0,0.0,0.0,0.0,0.0,0.0,0.0,0.0,0.0,0.0,0.0,0.0,0.0,0.0,0.0,0.0,0.0,0.0,0.0,0.0,0.0,0.0,0.0,0.0,0.0,0.0
132,15.0,Appenzell Ausserrhoden,317.0,Accidents mortels,10.0,En localité,4.0,6.0,1.0,2.0,0.0,3.0,0.0,2.0,1.0,3.0,1.0,1.0,0.0,0.0,0.0,1.0,1.0,1.0,1.0,0.0,2.0,0.0,0.0,0.0,0.0,0.0
133,15.0,Appenzell Ausserrhoden,317.0,Accidents mortels,11.0,Hors localité,2.0,1.0,1.0,2.0,2.0,1.0,3.0,1.0,0.0,1.0,3.0,1.0,1.0,4.0,1.0,2.0,2.0,0.0,1.0,0.0,1.0,1.0,3.0,1.0,0.0,0.0
134,15.0,Appenzell Ausserrhoden,317.0,Accidents mortels,12.0,Sur autoroute,0.0,0.0,0.0,0.0,0.0,0.0,0.0,0.0,0.0,0.0,0.0,0.0,0.0,0.0,0.0,0.0,0.0,0.0,0.0,0.0,0.0,0.0,0.0,0.0,0.0,0.0
135,16.0,Appenzell Innerrhoden,315.0,Accidents avec blessés légers,10.0,En localité,12.0,7.0,7.0,7.0,11.0,9.0,7.0,9.0,13.0,12.0,15.0,6.0,12.0,20.0,11.0,11.0,18.0,16.0,13.0,18.0,8.0,8.0,11.0,12.0,7.0,8.0
136,16.0,Appenzell Innerrhoden,315.0,Accidents avec blessés légers,11.0,Hors localité,12.0,13.0,11.0,22.0,8.0,9.0,14.0,11.0,19.0,13.0,15.0,15.0,18.0,15.0,15.0,11.0,15.0,8.0,11.0,17.0,8.0,11.0,9.0,9.0,6.0,13.0
137,16.0,Appenzell Innerrhoden,315.0,Accidents avec blessés légers,12.0,Sur autoroute,0.0,0.0,0.0,0.0,0.0,0.0,0.0,0.0,0.0,0.0,0.0,0.0,0.0,0.0,0.0,0.0,0.0,0.0,0.0,0.0,0.0,0.0,0.0,0.0,0.0,0.0
138,16.0,Appenzell Innerrhoden,316.0,Accidents avec blessés graves,10.0,En localité,4.0,5.0,3.0,4.0,4.0,3.0,6.0,5.0,6.0,1.0,4.0,2.0,2.0,2.0,3.0,1.0,3.0,3.0,2.0,1.0,1.0,1.0,2.0,4.0,6.0,4.0
139,16.0,Appenzell Innerrhoden,316.0,Accidents avec blessés graves,11.0,Hors localité,2.0,4.0,5.0,0.0,2.0,1.0,2.0,7.0,3.0,3.0,5.0,5.0,4.0,4.0,1.0,4.0,3.0,5.0,6.0,8.0,3.0,6.0,4.0,4.0,8.0,8.0
140,16.0,Appenzell Innerrhoden,316.0,Accidents avec blessés graves,12.0,Sur autoroute,0.0,0.0,0.0,0.0,0.0,0.0,0.0,0.0,0.0,0.0,0.0,0.0,0.0,0.0,0.0,0.0,0.0,0.0,0.0,0.0,0.0,0.0,0.0,0.0,0.0,0.0
141,16.0,Appenzell Innerrhoden,317.0,Accidents mortels,10.0,En localité,2.0,1.0,1.0,3.0,0.0,1.0,1.0,1.0,0.0,0.0,0.0,0.0,1.0,0.0,1.0,0.0,1.0,0.0,3.0,0.0,0.0,1.0,2.0,1.0,0.0,0.0
142,16.0,Appenzell Innerrhoden,317.0,Accidents mortels,11.0,Hors localité,0.0,0.0,2.0,2.0,2.0,1.0,0.0,0.0,0.0,0.0,0.0,0.0,1.0,0.0,0.0,1.0,3.0,1.0,0.0,0.0,0.0,0.0,0.0,0.0,1.0,0.0
143,16.0,Appenzell Innerrhoden,317.0,Accidents mortels,12.0,Sur autoroute,0.0,0.0,0.0,0.0,0.0,0.0,0.0,0.0,0.0,0.0,0.0,0.0,0.0,0.0,0.0,0.0,0.0,0.0,0.0,0.0,0.0,0.0,0.0,0.0,0.0,0.0
144,17.0,St. Gallen,315.0,Accidents avec blessés légers,10.0,En localité,599.0,594.0,620.0,570.0,560.0,594.0,598.0,684.0,698.0,734.0,655.0,655.0,599.0,654.0,511.0,594.0,583.0,626.0,605.0,661.0,568.0,475.0,492.0,473.0,456.0,519.0
145,17.0,St. Gallen,315.0,Accidents avec blessés légers,11.0,Hors localité,241.0,243.0,256.0,225.0,208.0,210.0,219.0,239.0,234.0,252.0,211.0,234.0,247.0,226.0,183.0,205.0,194.0,225.0,172.0,199.0,233.0,174.0,171.0,144.0,143.0,160.0
146,17.0,St. Gallen,315.0,Accidents avec blessés légers,12.0,Sur autoroute,92.0,93.0,95.0,115.0,98.0,80.0,125.0,149.0,110.0,134.0,114.0,113.0,125.0,102.0,92.0,125.0,115.0,106.0,111.0,122.0,136.0,114.0,98.0,91.0,88.0,85.0
147,17.0,St. Gallen,316.0,Accidents avec blessés graves,10.0,En localité,193.0,222.0,195.0,175.0,173.0,160.0,173.0,174.0,185.0,175.0,162.0,174.0,160.0,122.0,236.0,277.0,197.0,203.0,170.0,163.0,136.0,109.0,130.0,100.0,113.0,84.0
148,17.0,St. Gallen,316.0,Accidents avec blessés graves,11.0,Hors localité,118.0,113.0,129.0,110.0,88.0,103.0,98.0,112.0,114.0,102.0,105.0,116.0,100.0,93.0,117.0,146.0,142.0,129.0,115.0,69.0,95.0,72.0,56.0,75.0,52.0,49.0
149,17.0,St. Gallen,316.0,Accidents avec blessés graves,12.0,Sur autoroute,20.0,27.0,22.0,23.0,16.0,19.0,19.0,35.0,28.0,20.0,21.0,23.0,24.0,21.0,35.0,37.0,26.0,22.0,24.0,20.0,26.0,13.0,13.0,15.0,11.0,5.0
150,17.0,St. Gallen,317.0,Accidents mortels,10.0,En localité,17.0,10.0,12.0,17.0,14.0,14.0,14.0,15.0,16.0,10.0,10.0,15.0,16.0,9.0,6.0,4.0,8.0,9.0,5.0,5.0,8.0,9.0,3.0,7.0,6.0,7.0
151,17.0,St. Gallen,317.0,Accidents mortels,11.0,Hors localité,25.0,17.0,14.0,22.0,17.0,25.0,15.0,20.0,14.0,10.0,10.0,9.0,12.0,13.0,15.0,10.0,14.0,8.0,9.0,10.0,5.0,11.0,9.0,4.0,7.0,2.0
152,17.0,St. Gallen,317.0,Accidents mortels,12.0,Sur autoroute,5.0,3.0,6.0,6.0,5.0,8.0,13.0,2.0,3.0,2.0,3.0,5.0,2.0,0.0,2.0,4.0,0.0,3.0,0.0,3.0,3.0,3.0,0.0,2.0,0.0,1.0
153,18.0,Graubünden / Grigioni / Grischun,315.0,Accidents avec blessés légers,10.0,En localité,255.0,282.0,249.0,271.0,238.0,262.0,251.0,247.0,209.0,192.0,226.0,243.0,221.0,249.0,202.0,229.0,212.0,177.0,186.0,178.0,156.0,166.0,174.0,159.0,159.0,176.0
154,18.0,Graubünden / Grigioni / Grischun,315.0,Accidents avec blessés légers,11.0,Hors localité,363.0,340.0,339.0,325.0,339.0,295.0,307.0,340.0,318.0,379.0,304.0,302.0,322.0,277.0,294.0,280.0,260.0,270.0,260.0,237.0,241.0,232.0,246.0,208.0,221.0,227.0
155,18.0,Graubünden / Grigioni / Grischun,315.0,Accidents avec blessés légers,12.0,Sur autoroute,20.0,22.0,16.0,31.0,18.0,17.0,27.0,20.0,25.0,21.0,21.0,26.0,25.0,19.0,17.0,37.0,26.0,14.0,19.0,21.0,19.0,20.0,21.0,21.0,20.0,14.0
156,18.0,Graubünden / Grigioni / Grischun,316.0,Accidents avec blessés graves,10.0,En localité,52.0,42.0,46.0,34.0,49.0,41.0,38.0,32.0,24.0,49.0,42.0,49.0,29.0,27.0,22.0,38.0,34.0,21.0,23.0,25.0,29.0,22.0,25.0,21.0,28.0,29.0
157,18.0,Graubünden / Grigioni / Grischun,316.0,Accidents avec blessés graves,11.0,Hors localité,87.0,113.0,99.0,89.0,79.0,91.0,104.0,83.0,100.0,107.0,84.0,84.0,71.0,71.0,70.0,72.0,62.0,70.0,47.0,47.0,38.0,44.0,44.0,57.0,50.0,41.0
158,18.0,Graubünden / Grigioni / Grischun,316.0,Accidents avec blessés graves,12.0,Sur autoroute,7.0,7.0,4.0,7.0,2.0,4.0,3.0,2.0,2.0,1.0,0.0,3.0,1.0,2.0,1.0,4.0,0.0,1.0,1.0,1.0,0.0,2.0,1.0,2.0,0.0,3.0
159,18.0,Graubünden / Grigioni / Grischun,317.0,Accidents mortels,10.0,En localité,3.0,8.0,4.0,4.0,2.0,1.0,3.0,4.0,2.0,2.0,0.0,1.0,4.0,2.0,1.0,5.0,2.0,3.0,1.0,4.0,4.0,2.0,1.0,3.0,3.0,3.0
160,18.0,Graubünden / Grigioni / Grischun,317.0,Accidents mortels,11.0,Hors localité,31.0,23.0,28.0,16.0,19.0,20.0,20.0,23.0,15.0,19.0,27.0,19.0,16.0,18.0,17.0,20.0,13.0,10.0,24.0,13.0,13.0,10.0,13.0,11.0,10.0,15.0
161,18.0,Graubünden / Grigioni / Grischun,317.0,Accidents mortels,12.0,Sur autoroute,1.0,0.0,1.0,1.0,2.0,0.0,2.0,0.0,0.0,2.0,1.0,1.0,3.0,1.0,0.0,1.0,1.0,0.0,2.0,0.0,0.0,0.0,1.0,1.0,1.0,1.0
162,19.0,Aargau,315.0,Accidents avec blessés légers,10.0,En localité,728.0,719.0,803.0,773.0,753.0,727.0,651.0,728.0,685.0,725.0,734.0,746.0,759.0,806.0,762.0,773.0,684.0,798.0,679.0,719.0,596.0,588.0,605.0,613.0,523.0,569.0
163,19.0,Aargau,315.0,Accidents avec blessés légers,11.0,Hors localité,263.0,256.0,349.0,276.0,311.0,309.0,278.0,245.0,267.0,300.0,305.0,304.0,274.0,312.0,274.0,280.0,283.0,256.0,262.0,233.0,229.0,210.0,234.0,243.0,200.0,228.0
164,19.0,Aargau,315.0,Accidents avec blessés légers,12.0,Sur autoroute,76.0,99.0,105.0,128.0,122.0,111.0,112.0,129.0,140.0,121.0,162.0,144.0,124.0,126.0,131.0,115.0,121.0,143.0,126.0,101.0,123.0,89.0,116.0,103.0,114.0,138.0
165,19.0,Aargau,316.0,Accidents avec blessés graves,10.0,En localité,254.0,246.0,225.0,183.0,195.0,159.0,216.0,367.0,348.0,314.0,303.0,189.0,194.0,142.0,180.0,190.0,198.0,157.0,173.0,183.0,180.0,177.0,163.0,153.0,145.0,138.0
166,19.0,Aargau,316.0,Accidents avec blessés graves,11.0,Hors localité,145.0,134.0,143.0,141.0,107.0,113.0,114.0,183.0,168.0,169.0,119.0,118.0,93.0,102.0,101.0,92.0,88.0,82.0,80.0,87.0,89.0,101.0,62.0,68.0,70.0,58.0
167,19.0,Aargau,316.0,Accidents avec blessés graves,12.0,Sur autoroute,25.0,28.0,16.0,27.0,20.0,21.0,36.0,35.0,40.0,45.0,42.0,27.0,25.0,31.0,18.0,24.0,15.0,9.0,13.0,21.0,13.0,11.0,12.0,9.0,13.0,9.0
168,19.0,Aargau,317.0,Accidents mortels,10.0,En localité,21.0,23.0,16.0,15.0,14.0,17.0,11.0,8.0,20.0,11.0,18.0,12.0,13.0,8.0,4.0,10.0,5.0,7.0,6.0,7.0,14.0,6.0,10.0,16.0,7.0,4.0
169,19.0,Aargau,317.0,Accidents mortels,11.0,Hors localité,25.0,21.0,28.0,28.0,16.0,25.0,8.0,21.0,16.0,20.0,23.0,23.0,17.0,13.0,20.0,13.0,13.0,8.0,6.0,6.0,4.0,8.0,9.0,5.0,7.0,9.0
170,19.0,Aargau,317.0,Accidents mortels,12.0,Sur autoroute,10.0,5.0,6.0,5.0,6.0,2.0,5.0,6.0,2.0,3.0,3.0,6.0,5.0,2.0,1.0,2.0,1.0,4.0,0.0,1.0,2.0,1.0,4.0,3.0,0.0,2.0
171,20.0,Thurgau,315.0,Accidents avec blessés légers,10.0,En localité,252.0,244.0,224.0,229.0,198.0,216.0,232.0,329.0,401.0,363.0,414.0,427.0,361.0,353.0,360.0,390.0,433.0,394.0,380.0,378.0,345.0,378.0,365.0,335.0,322.0,336.0
172,20.0,Thurgau,315.0,Accidents avec blessés légers,11.0,Hors localité,84.0,86.0,84.0,86.0,75.0,82.0,89.0,163.0,141.0,166.0,182.0,173.0,175.0,194.0,153.0,166.0,160.0,150.0,169.0,166.0,160.0,129.0,171.0,121.0,94.0,124.0
173,20.0,Thurgau,315.0,Accidents avec blessés légers,12.0,Sur autoroute,6.0,8.0,20.0,10.0,13.0,25.0,12.0,33.0,17.0,21.0,25.0,23.0,22.0,33.0,27.0,23.0,11.0,23.0,19.0,21.0,18.0,16.0,20.0,17.0,12.0,16.0
174,20.0,Thurgau,316.0,Accidents avec blessés graves,10.0,En localité,228.0,233.0,202.0,183.0,174.0,182.0,202.0,65.0,49.0,59.0,63.0,57.0,47.0,41.0,44.0,42.0,37.0,28.0,48.0,53.0,47.0,52.0,47.0,72.0,94.0,78.0
175,20.0,Thurgau,316.0,Accidents avec blessés graves,11.0,Hors localité,81.0,124.0,92.0,73.0,83.0,93.0,87.0,37.0,38.0,65.0,46.0,50.0,37.0,41.0,25.0,38.0,28.0,34.0,29.0,34.0,32.0,26.0,20.0,42.0,36.0,49.0
176,20.0,Thurgau,316.0,Accidents avec blessés graves,12.0,Sur autoroute,10.0,15.0,11.0,3.0,7.0,3.0,11.0,6.0,2.0,4.0,3.0,4.0,7.0,6.0,5.0,4.0,4.0,0.0,2.0,2.0,3.0,0.0,2.0,3.0,1.0,3.0
177,20.0,Thurgau,317.0,Accidents mortels,10.0,En localité,8.0,11.0,10.0,11.0,8.0,11.0,10.0,8.0,7.0,5.0,4.0,8.0,10.0,10.0,2.0,6.0,7.0,3.0,2.0,6.0,2.0,3.0,3.0,5.0,3.0,4.0
178,20.0,Thurgau,317.0,Accidents mortels,11.0,Hors localité,13.0,16.0,16.0,16.0,12.0,12.0,13.0,12.0,15.0,9.0,9.0,14.0,9.0,6.0,8.0,5.0,2.0,5.0,7.0,6.0,7.0,5.0,4.0,3.0,4.0,4.0
179,20.0,Thurgau,317.0,Accidents mortels,12.0,Sur autoroute,0.0,1.0,0.0,1.0,0.0,2.0,1.0,0.0,1.0,0.0,0.0,2.0,0.0,0.0,0.0,0.0,0.0,0.0,0.0,0.0,2.0,0.0,0.0,0.0,0.0,0.0
180,21.0,Ticino,315.0,Accidents avec blessés légers,10.0,En localité,856.0,844.0,885.0,850.0,855.0,833.0,753.0,818.0,824.0,742.0,787.0,720.0,703.0,678.0,699.0,638.0,598.0,557.0,619.0,556.0,524.0,473.0,441.0,473.0,356.0,383.0
181,21.0,Ticino,315.0,Accidents avec blessés légers,11.0,Hors localité,313.0,303.0,301.0,269.0,278.0,259.0,260.0,274.0,269.0,302.0,232.0,262.0,223.0,202.0,249.0,209.0,169.0,183.0,186.0,183.0,166.0,173.0,133.0,142.0,114.0,124.0
182,21.0,Ticino,315.0,Accidents avec blessés légers,12.0,Sur autoroute,130.0,116.0,125.0,165.0,126.0,141.0,149.0,152.0,169.0,166.0,160.0,124.0,124.0,101.0,127.0,120.0,90.0,63.0,73.0,66.0,73.0,58.0,57.0,61.0,53.0,61.0
183,21.0,Ticino,316.0,Accidents avec blessés graves,10.0,En localité,278.0,270.0,265.0,247.0,231.0,238.0,225.0,199.0,233.0,248.0,260.0,238.0,237.0,233.0,282.0,239.0,259.0,236.0,194.0,212.0,190.0,170.0,180.0,152.0,133.0,140.0
184,21.0,Ticino,316.0,Accidents avec blessés graves,11.0,Hors localité,126.0,120.0,105.0,107.0,98.0,91.0,103.0,103.0,104.0,119.0,118.0,129.0,126.0,107.0,106.0,105.0,102.0,80.0,74.0,85.0,68.0,57.0,43.0,55.0,51.0,51.0
185,21.0,Ticino,316.0,Accidents avec blessés graves,12.0,Sur autoroute,32.0,34.0,35.0,35.0,25.0,35.0,32.0,24.0,36.0,30.0,34.0,30.0,23.0,17.0,28.0,23.0,18.0,16.0,24.0,13.0,13.0,10.0,8.0,9.0,9.0,16.0
186,21.0,Ticino,317.0,Accidents mortels,10.0,En localité,12.0,18.0,22.0,18.0,14.0,15.0,17.0,16.0,13.0,12.0,8.0,8.0,10.0,8.0,9.0,9.0,9.0,8.0,9.0,10.0,7.0,7.0,2.0,3.0,3.0,2.0
187,21.0,Ticino,317.0,Accidents mortels,11.0,Hors localité,18.0,13.0,18.0,11.0,8.0,8.0,9.0,23.0,16.0,6.0,9.0,9.0,15.0,13.0,5.0,5.0,9.0,8.0,13.0,1.0,6.0,6.0,4.0,8.0,3.0,3.0
188,21.0,Ticino,317.0,Accidents mortels,12.0,Sur autoroute,6.0,5.0,6.0,6.0,6.0,5.0,3.0,6.0,4.0,10.0,4.0,5.0,4.0,2.0,2.0,4.0,2.0,3.0,1.0,2.0,3.0,0.0,1.0,1.0,2.0,4.0
189,22.0,Vaud,315.0,Accidents avec blessés légers,10.0,En localité,1124.0,1105.0,1128.0,1095.0,960.0,900.0,994.0,1074.0,1064.0,1020.0,1018.0,1047.0,986.0,929.0,894.0,952.0,824.0,881.0,794.0,769.0,700.0,590.0,566.0,539.0,645.0,648.0
190,22.0,Vaud,315.0,Accidents avec blessés légers,11.0,Hors localité,623.0,617.0,665.0,627.0,574.0,602.0,650.0,652.0,753.0,737.0,701.0,672.0,620.0,570.0,596.0,634.0,603.0,530.0,556.0,454.0,453.0,440.0,363.0,327.0,389.0,412.0
191,22.0,Vaud,315.0,Accidents avec blessés légers,12.0,Sur autoroute,313.0,331.0,358.0,343.0,339.0,319.0,338.0,398.0,435.0,421.0,442.0,384.0,355.0,291.0,323.0,374.0,298.0,303.0,268.0,240.0,275.0,301.0,264.0,176.0,283.0,238.0
192,22.0,Vaud,316.0,Accidents avec blessés graves,10.0,En localité,309.0,271.0,235.0,222.0,207.0,223.0,208.0,189.0,182.0,126.0,146.0,107.0,130.0,115.0,128.0,162.0,124.0,138.0,174.0,156.0,153.0,207.0,196.0,178.0,184.0,153.0
193,22.0,Vaud,316.0,Accidents avec blessés graves,11.0,Hors localité,232.0,181.0,167.0,192.0,171.0,175.0,132.0,155.0,173.0,130.0,128.0,125.0,165.0,133.0,134.0,115.0,122.0,119.0,119.0,130.0,125.0,176.0,166.0,140.0,133.0,142.0
194,22.0,Vaud,316.0,Accidents avec blessés graves,12.0,Sur autoroute,50.0,48.0,57.0,54.0,41.0,45.0,41.0,48.0,46.0,42.0,38.0,34.0,44.0,31.0,12.0,21.0,34.0,19.0,36.0,22.0,22.0,34.0,34.0,22.0,38.0,33.0
195,22.0,Vaud,317.0,Accidents mortels,10.0,En localité,18.0,15.0,22.0,13.0,13.0,10.0,15.0,12.0,18.0,13.0,13.0,12.0,8.0,8.0,14.0,9.0,11.0,10.0,7.0,7.0,5.0,10.0,9.0,9.0,7.0,5.0
196,22.0,Vaud,317.0,Accidents mortels,11.0,Hors localité,38.0,41.0,28.0,38.0,31.0,30.0,29.0,29.0,39.0,32.0,27.0,33.0,30.0,27.0,21.0,23.0,22.0,26.0,23.0,20.0,19.0,19.0,9.0,7.0,10.0,13.0
197,22.0,Vaud,317.0,Accidents mortels,12.0,Sur autoroute,18.0,11.0,10.0,18.0,13.0,15.0,15.0,16.0,7.0,17.0,18.0,7.0,15.0,7.0,2.0,4.0,5.0,6.0,4.0,4.0,6.0,5.0,2.0,2.0,3.0,2.0
198,23.0,Valais / Wallis,315.0,Accidents avec blessés légers,10.0,En localité,301.0,331.0,291.0,268.0,225.0,198.0,216.0,172.0,211.0,174.0,192.0,171.0,176.0,126.0,121.0,162.0,133.0,144.0,144.0,134.0,126.0,121.0,164.0,196.0,181.0,179.0
199,23.0,Valais / Wallis,315.0,Accidents avec blessés légers,11.0,Hors localité,275.0,248.0,228.0,205.0,141.0,163.0,171.0,135.0,153.0,149.0,171.0,138.0,151.0,101.0,118.0,116.0,111.0,108.0,104.0,108.0,115.0,92.0,113.0,133.0,118.0,143.0
200,23.0,Valais / Wallis,315.0,Accidents avec blessés légers,12.0,Sur autoroute,25.0,31.0,24.0,18.0,20.0,14.0,11.0,22.0,28.0,29.0,24.0,23.0,9.0,15.0,12.0,7.0,15.0,9.0,15.0,14.0,18.0,20.0,19.0,19.0,18.0,33.0
201,23.0,Valais / Wallis,316.0,Accidents avec blessés graves,10.0,En localité,95.0,118.0,118.0,131.0,136.0,152.0,146.0,164.0,184.0,186.0,200.0,174.0,185.0,186.0,180.0,158.0,159.0,146.0,140.0,146.0,113.0,129.0,118.0,62.0,63.0,61.0
202,23.0,Valais / Wallis,316.0,Accidents avec blessés graves,11.0,Hors localité,121.0,143.0,117.0,114.0,134.0,160.0,155.0,171.0,175.0,179.0,183.0,197.0,150.0,149.0,139.0,156.0,137.0,159.0,150.0,134.0,145.0,102.0,88.0,77.0,74.0,73.0
203,23.0,Valais / Wallis,316.0,Accidents avec blessés graves,12.0,Sur autoroute,6.0,6.0,13.0,11.0,17.0,18.0,12.0,20.0,26.0,15.0,25.0,31.0,21.0,22.0,27.0,16.0,22.0,20.0,19.0,13.0,17.0,17.0,11.0,3.0,5.0,7.0
204,23.0,Valais / Wallis,317.0,Accidents mortels,10.0,En localité,12.0,6.0,5.0,15.0,5.0,11.0,11.0,9.0,5.0,7.0,4.0,4.0,6.0,3.0,5.0,6.0,5.0,2.0,3.0,5.0,9.0,4.0,7.0,6.0,2.0,0.0
205,23.0,Valais / Wallis,317.0,Accidents mortels,11.0,Hors localité,33.0,28.0,22.0,26.0,27.0,16.0,23.0,19.0,23.0,19.0,19.0,22.0,18.0,18.0,16.0,14.0,7.0,12.0,11.0,10.0,8.0,12.0,10.0,8.0,7.0,9.0
206,23.0,Valais / Wallis,317.0,Accidents mortels,12.0,Sur autoroute,3.0,3.0,4.0,2.0,1.0,1.0,4.0,3.0,1.0,1.0,3.0,1.0,2.0,1.0,3.0,2.0,2.0,1.0,4.0,1.0,4.0,1.0,0.0,1.0,1.0,0.0
207,24.0,Neuchâtel,315.0,Accidents avec blessés légers,10.0,En localité,268.0,229.0,265.0,235.0,211.0,189.0,220.0,199.0,237.0,211.0,214.0,203.0,183.0,186.0,203.0,157.0,153.0,151.0,145.0,136.0,123.0,135.0,152.0,137.0,161.0,145.0
208,24.0,Neuchâtel,315.0,Accidents avec blessés légers,11.0,Hors localité,106.0,112.0,116.0,102.0,105.0,106.0,95.0,106.0,112.0,112.0,87.0,91.0,87.0,79.0,88.0,68.0,84.0,80.0,56.0,73.0,76.0,67.0,60.0,66.0,59.0,70.0
209,24.0,Neuchâtel,315.0,Accidents avec blessés légers,12.0,Sur autoroute,10.0,10.0,8.0,19.0,17.0,21.0,15.0,26.0,25.0,46.0,47.0,23.0,36.0,26.0,36.0,39.0,38.0,52.0,35.0,24.0,33.0,21.0,23.0,17.0,20.0,29.0
210,24.0,Neuchâtel,316.0,Accidents avec blessés graves,10.0,En localité,97.0,82.0,74.0,66.0,72.0,68.0,66.0,61.0,73.0,64.0,80.0,49.0,62.0,49.0,46.0,56.0,52.0,43.0,30.0,33.0,28.0,28.0,29.0,33.0,26.0,15.0
211,24.0,Neuchâtel,316.0,Accidents avec blessés graves,11.0,Hors localité,51.0,66.0,52.0,43.0,51.0,47.0,49.0,54.0,43.0,57.0,56.0,47.0,47.0,44.0,28.0,36.0,29.0,23.0,29.0,25.0,21.0,20.0,10.0,23.0,24.0,20.0
212,24.0,Neuchâtel,316.0,Accidents avec blessés graves,12.0,Sur autoroute,8.0,3.0,2.0,6.0,4.0,10.0,10.0,14.0,10.0,19.0,17.0,17.0,15.0,16.0,18.0,19.0,14.0,6.0,7.0,8.0,10.0,3.0,4.0,3.0,4.0,5.0
213,24.0,Neuchâtel,317.0,Accidents mortels,10.0,En localité,14.0,7.0,8.0,11.0,5.0,4.0,7.0,5.0,3.0,5.0,4.0,2.0,5.0,1.0,3.0,2.0,1.0,3.0,1.0,2.0,1.0,2.0,4.0,1.0,4.0,1.0
214,24.0,Neuchâtel,317.0,Accidents mortels,11.0,Hors localité,13.0,8.0,15.0,3.0,5.0,8.0,13.0,9.0,9.0,10.0,6.0,14.0,10.0,5.0,3.0,5.0,2.0,2.0,3.0,9.0,3.0,3.0,3.0,2.0,1.0,4.0
215,24.0,Neuchâtel,317.0,Accidents mortels,12.0,Sur autoroute,2.0,1.0,0.0,0.0,0.0,1.0,2.0,5.0,3.0,0.0,1.0,2.0,1.0,0.0,0.0,2.0,2.0,1.0,1.0,0.0,1.0,1.0,0.0,0.0,1.0,1.0
216,25.0,Genève,315.0,Accidents avec blessés légers,10.0,En localité,562.0,552.0,662.0,596.0,590.0,586.0,618.0,653.0,698.0,750.0,731.0,725.0,751.0,655.0,627.0,627.0,712.0,597.0,570.0,499.0,550.0,636.0,761.0,770.0,672.0,658.0
217,25.0,Genève,315.0,Accidents avec blessés légers,11.0,Hors localité,120.0,162.0,156.0,147.0,123.0,111.0,140.0,137.0,130.0,156.0,161.0,147.0,153.0,148.0,136.0,139.0,140.0,103.0,127.0,104.0,106.0,135.0,127.0,128.0,135.0,131.0
218,25.0,Genève,315.0,Accidents avec blessés légers,12.0,Sur autoroute,22.0,18.0,16.0,19.0,15.0,19.0,26.0,23.0,23.0,25.0,35.0,34.0,25.0,26.0,34.0,13.0,25.0,29.0,24.0,29.0,32.0,38.0,39.0,30.0,31.0,22.0
219,25.0,Genève,316.0,Accidents avec blessés graves,10.0,En localité,288.0,236.0,182.0,183.0,213.0,246.0,291.0,302.0,314.0,337.0,327.0,338.0,276.0,305.0,294.0,307.0,273.0,318.0,302.0,209.0,261.0,303.0,300.0,244.0,262.0,247.0
220,25.0,Genève,316.0,Accidents avec blessés graves,11.0,Hors localité,95.0,81.0,78.0,74.0,70.0,54.0,69.0,73.0,58.0,66.0,77.0,77.0,82.0,72.0,80.0,82.0,71.0,67.0,60.0,57.0,53.0,52.0,52.0,72.0,49.0,50.0
221,25.0,Genève,316.0,Accidents avec blessés graves,12.0,Sur autoroute,7.0,6.0,7.0,3.0,3.0,6.0,5.0,11.0,15.0,9.0,10.0,5.0,8.0,5.0,7.0,10.0,6.0,7.0,11.0,5.0,9.0,7.0,10.0,11.0,10.0,8.0
222,25.0,Genève,317.0,Accidents mortels,10.0,En localité,15.0,12.0,13.0,5.0,10.0,7.0,13.0,15.0,6.0,10.0,14.0,16.0,16.0,8.0,9.0,12.0,7.0,17.0,11.0,7.0,6.0,7.0,8.0,3.0,7.0,10.0
223,25.0,Genève,317.0,Accidents mortels,11.0,Hors localité,10.0,14.0,11.0,9.0,7.0,9.0,3.0,7.0,9.0,5.0,4.0,4.0,6.0,7.0,6.0,2.0,4.0,3.0,3.0,8.0,3.0,3.0,3.0,5.0,3.0,1.0
224,25.0,Genève,317.0,Accidents mortels,12.0,Sur autoroute,3.0,3.0,0.0,3.0,2.0,1.0,2.0,1.0,3.0,1.0,1.0,2.0,2.0,0.0,1.0,1.0,0.0,1.0,0.0,0.0,3.0,0.0,0.0,1.0,1.0,0.0
225,26.0,Jura,315.0,Accidents avec blessés légers,10.0,En localité,77.0,79.0,60.0,79.0,65.0,65.0,76.0,76.0,71.0,64.0,65.0,57.0,59.0,53.0,41.0,54.0,66.0,57.0,51.0,50.0,56.0,42.0,68.0,60.0,54.0,59.0
226,26.0,Jura,315.0,Accidents avec blessés légers,11.0,Hors localité,66.0,88.0,65.0,55.0,76.0,60.0,67.0,73.0,66.0,63.0,66.0,53.0,58.0,52.0,58.0,51.0,47.0,44.0,51.0,51.0,44.0,36.0,41.0,62.0,45.0,49.0
227,26.0,Jura,315.0,Accidents avec blessés légers,12.0,Sur autoroute,0.0,0.0,0.0,0.0,0.0,0.0,0.0,2.0,7.0,2.0,7.0,2.0,7.0,8.0,5.0,3.0,9.0,8.0,6.0,5.0,4.0,8.0,11.0,12.0,9.0,5.0
228,26.0,Jura,316.0,Accidents avec blessés graves,10.0,En localité,34.0,22.0,26.0,27.0,29.0,26.0,29.0,25.0,26.0,25.0,30.0,17.0,20.0,15.0,22.0,23.0,16.0,15.0,17.0,13.0,18.0,15.0,11.0,10.0,9.0,12.0
229,26.0,Jura,316.0,Accidents avec blessés graves,11.0,Hors localité,29.0,49.0,40.0,47.0,35.0,28.0,31.0,41.0,36.0,38.0,40.0,33.0,29.0,30.0,35.0,31.0,13.0,32.0,22.0,26.0,20.0,13.0,26.0,15.0,12.0,16.0
230,26.0,Jura,316.0,Accidents avec blessés graves,12.0,Sur autoroute,0.0,0.0,0.0,0.0,0.0,0.0,0.0,3.0,0.0,2.0,2.0,1.0,1.0,1.0,3.0,3.0,3.0,2.0,2.0,1.0,1.0,0.0,0.0,3.0,1.0,2.0
231,26.0,Jura,317.0,Accidents mortels,10.0,En localité,3.0,0.0,1.0,3.0,1.0,3.0,2.0,0.0,1.0,5.0,3.0,4.0,4.0,1.0,1.0,0.0,3.0,1.0,1.0,0.0,2.0,1.0,1.0,0.0,0.0,0.0
232,26.0,Jura,317.0,Accidents mortels,11.0,Hors localité,15.0,9.0,5.0,7.0,6.0,10.0,8.0,7.0,10.0,4.0,7.0,5.0,4.0,1.0,1.0,5.0,2.0,0.0,5.0,2.0,2.0,0.0,3.0,0.0,4.0,0.0
233,26.0,Jura,317.0,Accidents mortels,12.0,Sur autoroute,0.0,0.0,0.0,0.0,0.0,0.0,0.0,0.0,0.0,0.0,0.0,0.0,0.0,1.0,1.0,1.0,1.0,0.0,0.0,1.0,0.0,0.0,0.0,3.0,0.0,1.0
234,26.0,Jura,317.0,Accidents mortels,12.0,Sur autoroute,,,,,,,,,,,,,,,,,,,,,,,,,,
